state,source,scrape_ts,game_number,game_name,price,overall_odds_1_in,top_prize_amount,top_prizes_remaining,all_prizes_remaining,status,detail_url,prize_data,true_ev
NJ,lottery_net,2026-01-19T01:17:07.333202+00:00,1750,Triple Double Diamond,5.0,4.11,200000.0,,1,active,https://scratchcards.net/new-jersey/1750,"[{'prize': 200000.0, 'remaining': 1, 'is_ticket': False}, {'prize': 5000.0, 'remaining': 2, 'is_ticket': False}, {'prize': 2000.0, 'remaining': 19, 'is_ticket': False}, {'prize': 500.0, 'remaining': 122, 'is_ticket': False}, {'prize': 100.0, 'remaining': 1, 'is_ticket': False}, {'prize': 50.0, 'remaining': 15, 'is_ticket': False}, {'prize': 20.0, 'remaining': 49, 'is_ticket': False}, {'prize': 15.0, 'remaining': 26, 'is_ticket': False}, {'prize': 10.0, 'remaining': 145, 'is_ticket': False}, {'prize': 0.0, 'remaining': 101, 'is_ticket': True}]",651.0914760914761
NJ,lottery_net,2026-01-19T01:17:07.333240+00:00,1779,Wild Cash Multiplier,5.0,4.07,200000.0,,1,active,https://scratchcards.net/new-jersey/1779,"[{'prize': 200000.0, 'remaining': 1, 'is_ticket': False}, {'prize': 2000.0, 'remaining': 11, 'is_ticket': False}, {'prize': 500.0, 'remaining': 86, 'is_ticket': False}, {'prize': 200.0, 'remaining': 319, 'is_ticket': False}, {'prize': 100.0, 'remaining': 1, 'is_ticket': False}, {'prize': 60.0, 'remaining': 1, 'is_ticket': False}, {'prize': 50.0, 'remaining': 15, 'is_ticket': False}, {'prize': 45.0, 'remaining': 8, 'is_ticket': False}, {'prize': 20.0, 'remaining': 81, 'is_ticket': False}, {'prize': 10.0, 'remaining': 144, 'is_ticket': False}, {'prize': 0.0, 'remaining': 156, 'is_ticket': True}]",405.72296476306195
NJ,lottery_net,2026-01-19T01:17:07.333257+00:00,1780,Power 50X,30.0,3.76,3000000.0,,1,active,https://scratchcards.net/new-jersey/1780,"[{'prize': 3000000.0, 'remaining': 1, 'is_ticket': False}, {'prize': 50000.0, 'remaining': 1, 'is_ticket': False}, {'prize': 10000.0, 'remaining': 2, 'is_ticket': False}, {'prize': 5000.0, 'remaining': 26, 'is_ticket': False}, {'prize': 2000.0, 'remaining': 88, 'is_ticket': False}, {'prize': 1500.0, 'remaining': 104, 'is_ticket': False}, {'prize': 500.0, 'remaining': 5, 'is_ticket': False}, {'prize': 250.0, 'remaining': 8, 'is_ticket': False}, {'prize': 200.0, 'remaining': 16, 'is_ticket': False}, {'prize': 100.0, 'remaining': 53, 'is_ticket': False}, {'prize': 50.0, 'remaining': 120, 'is_ticket': False}, {'prize': 0.0, 'remaining': 82, 'is_ticket': True}]",7022.648221343874
NJ,lottery_net,2026-01-19T01:17:07.333269+00:00,1785,Power 10X,10.0,3.74,500000.0,,0,active,https://scratchcards.net/new-jersey/1785,"[{'prize': 500000.0, 'remaining': 0, 'is_ticket': False}, {'prize': 10000.0, 'remaining': 2, 'is_ticket': False}, {'prize': 1000.0, 'remaining': 7, 'is_ticket': False}, {'prize': 500.0, 'remaining': 639, 'is_ticket': False}, {'prize': 200.0, 'remaining': 2, 'is_ticket': False}, {'prize': 100.0, 'remaining': 37, 'is_ticket': False}, {'prize': 50.0, 'remaining': 47, 'is_ticket': False}, {'prize': 40.0, 'remaining': 50, 'is_ticket': False}, {'prize': 20.0, 'remaining': 138, 'is_ticket': False}, {'prize': 0.0, 'remaining': 279, 'is_ticket': True}]",300.16652789342214
NJ,lottery_net,2026-01-19T01:17:07.333281+00:00,1786,Power 20X,20.0,3.93,1000000.0,,0,active,https://scratchcards.net/new-jersey/1786,"[{'prize': 1000000.0, 'remaining': 0, 'is_ticket': False}, {'prize': 10000.0, 'remaining': 10, 'is_ticket': False}, {'prize': 2000.0, 'remaining': 67, 'is_ticket': False}, {'prize': 500.0, 'remaining': 4, 'is_ticket': False}, {'prize': 200.0, 'remaining': 17, 'is_ticket': False}, {'prize': 100.0, 'remaining': 51, 'is_ticket': False}, {'prize': 50.0, 'remaining': 70, 'is_ticket': False}, {'prize': 30.0, 'remaining': 70, 'is_ticket': False}, {'prize': 0.0, 'remaining': 141, 'is_ticket': True}]",588.1860465116279
NJ,lottery_net,2026-01-19T01:17:07.333292+00:00,1789,Cash Climb,2.0,4.54,10000.0,,2,active,https://scratchcards.net/new-jersey/1789,"[{'prize': 10000.0, 'remaining': 2, 'is_ticket': False}, {'prize': 1000.0, 'remaining': 9, 'is_ticket': False}, {'prize': 100.0, 'remaining': 582, 'is_ticket': False}, {'prize': 50.0, 'remaining': 2, 'is_ticket': False}, {'prize': 40.0, 'remaining': 2, 'is_ticket': False}, {'prize': 20.0, 'remaining': 22, 'is_ticket': False}, {'prize': 10.0, 'remaining': 37, 'is_ticket': False}, {'prize': 5.0, 'remaining': 52, 'is_ticket': False}, {'prize': 4.0, 'remaining': 61, 'is_ticket': False}, {'prize': 0.0, 'remaining': 160, 'is_ticket': True}]",95.81700753498386
NJ,lottery_net,2026-01-19T01:17:07.333303+00:00,1792,The Bigger Spin,10.0,4.04,,,3,active,https://scratchcards.net/new-jersey/1792,"[{'prize': 0.0, 'remaining': 3, 'is_ticket': False}, {'prize': 300000.0, 'remaining': 1, 'is_ticket': False}, {'prize': 10000.0, 'remaining': 5, 'is_ticket': False}, {'prize': 2000.0, 'remaining': 25, 'is_ticket': False}, {'prize': 500.0, 'remaining': 839, 'is_ticket': False}, {'prize': 200.0, 'remaining': 1, 'is_ticket': False}, {'prize': 100.0, 'remaining': 25, 'is_ticket': False}, {'prize': 50.0, 'remaining': 65, 'is_ticket': False}, {'prize': 30.0, 'remaining': 66, 'is_ticket': False}, {'prize': 20.0, 'remaining': 133, 'is_ticket': False}, {'prize': 0.0, 'remaining': 202, 'is_ticket': True}]",609.6043956043956
NJ,lottery_net,2026-01-19T01:17:07.333315+00:00,1797,"$1,000,000 Diamond Spectacula",20.0,3.89,1000000.0,,0,active,https://scratchcards.net/new-jersey/1797,"[{'prize': 1000000.0, 'remaining': 0, 'is_ticket': False}, {'prize': 10000.0, 'remaining': 10, 'is_ticket': False}, {'prize': 2000.0, 'remaining': 85, 'is_ticket': False}, {'prize': 500.0, 'remaining': 6, 'is_ticket': False}, {'prize': 200.0, 'remaining': 9, 'is_ticket': False}, {'prize': 100.0, 'remaining': 68, 'is_ticket': False}, {'prize': 50.0, 'remaining': 219, 'is_ticket': False}, {'prize': 0.0, 'remaining': 98, 'is_ticket': True}, {'prize': 0.0, 'remaining': 100, 'is_ticket': True}]",498.33613445378154
NJ,lottery_net,2026-01-19T01:17:07.333325+00:00,1801,"Ultimate $1,000,000 Spectacul",30.0,3.62,1000000.0,,1,active,https://scratchcards.net/new-jersey/1801,"[{'prize': 1000000.0, 'remaining': 1, 'is_ticket': False}, {'prize': 50000.0, 'remaining': 1, 'is_ticket': False}, {'prize': 10000.0, 'remaining': 2, 'is_ticket': False}, {'prize': 5000.0, 'remaining': 11, 'is_ticket': False}, {'prize': 2000.0, 'remaining': 36, 'is_ticket': False}, {'prize': 500.0, 'remaining': 4, 'is_ticket': False}, {'prize': 250.0, 'remaining': 9, 'is_ticket': False}, {'prize': 200.0, 'remaining': 9, 'is_ticket': False}, {'prize': 100.0, 'remaining': 44, 'is_ticket': False}, {'prize': 50.0, 'remaining': 112, 'is_ticket': False}, {'prize': 0.0, 'remaining': 72, 'is_ticket': True}]",4037.2425249169437
NJ,lottery_net,2026-01-19T01:17:07.333335+00:00,1809,"$2,000 Loaded",2.0,4.67,2000.0,,38,active,https://scratchcards.net/new-jersey/1809,"[{'prize': 2000.0, 'remaining': 38, 'is_ticket': False}, {'prize': 500.0, 'remaining': 20, 'is_ticket': False}, {'prize': 100.0, 'remaining': 347, 'is_ticket': False}, {'prize': 50.0, 'remaining': 2, 'is_ticket': False}, {'prize': 20.0, 'remaining': 29, 'is_ticket': False}, {'prize': 10.0, 'remaining': 19, 'is_ticket': False}, {'prize': 5.0, 'remaining': 52, 'is_ticket': False}, {'prize': 4.0, 'remaining': 43, 'is_ticket': False}, {'prize': 0.0, 'remaining': 136, 'is_ticket': True}]",178.24198250728864
NJ,lottery_net,2026-01-19T01:17:07.333346+00:00,1810,"$5,000 Loaded",5.0,4.04,5000.0,,30,active,https://scratchcards.net/new-jersey/1810,"[{'prize': 5000.0, 'remaining': 30, 'is_ticket': False}, {'prize': 500.0, 'remaining': 219, 'is_ticket': False}, {'prize': 100.0, 'remaining': 2, 'is_ticket': False}, {'prize': 50.0, 'remaining': 11, 'is_ticket': False}, {'prize': 20.0, 'remaining': 55, 'is_ticket': False}, {'prize': 10.0, 'remaining': 91, 'is_ticket': False}, {'prize': 0.0, 'remaining': 120, 'is_ticket': True}]",497.84090909090907
NJ,lottery_net,2026-01-19T01:17:07.333355+00:00,1811,"$10,000 Loaded",10.0,3.79,10000.0,,71,active,https://scratchcards.net/new-jersey/1811,"[{'prize': 10000.0, 'remaining': 71, 'is_ticket': False}, {'prize': 2000.0, 'remaining': 35, 'is_ticket': False}, {'prize': 500.0, 'remaining': 1, 'is_ticket': False}, {'prize': 200.0, 'remaining': 3, 'is_ticket': False}, {'prize': 150.0, 'remaining': 3, 'is_ticket': False}, {'prize': 100.0, 'remaining': 50, 'is_ticket': False}, {'prize': 50.0, 'remaining': 39, 'is_ticket': False}, {'prize': 30.0, 'remaining': 109, 'is_ticket': False}, {'prize': 20.0, 'remaining': 330, 'is_ticket': False}, {'prize': 0.0, 'remaining': 336, 'is_ticket': True}]",820.603889457523
NJ,lottery_net,2026-01-19T01:17:07.333366+00:00,1812,"$20,000 Loaded",20.0,4.01,20000.0,,59,active,https://scratchcards.net/new-jersey/1812,"[{'prize': 20000.0, 'remaining': 59, 'is_ticket': False}, {'prize': 2000.0, 'remaining': 38, 'is_ticket': False}, {'prize': 500.0, 'remaining': 11, 'is_ticket': False}, {'prize': 200.0, 'remaining': 33, 'is_ticket': False}, {'prize': 100.0, 'remaining': 79, 'is_ticket': False}, {'prize': 50.0, 'remaining': 158, 'is_ticket': False}, {'prize': 40.0, 'remaining': 144, 'is_ticket': False}, {'prize': 0.0, 'remaining': 289, 'is_ticket': True}]",1597.3366214549937
NJ,lottery_net,2026-01-19T01:17:07.333375+00:00,1816,"$50,000 Loaded",30.0,3.65,50000.0,,27,active,https://scratchcards.net/new-jersey/1816,"[{'prize': 50000.0, 'remaining': 27, 'is_ticket': False}, {'prize': 5000.0, 'remaining': 9, 'is_ticket': False}, {'prize': 500.0, 'remaining': 10, 'is_ticket': False}, {'prize': 200.0, 'remaining': 32, 'is_ticket': False}, {'prize': 100.0, 'remaining': 54, 'is_ticket': False}, {'prize': 50.0, 'remaining': 132, 'is_ticket': False}, {'prize': 0.0, 'remaining': 135, 'is_ticket': True}]",3565.0375939849623
NJ,lottery_net,2026-01-19T01:17:07.333385+00:00,1817,Win For Life!,3.0,4.82,5000.0,,1,active,https://scratchcards.net/new-jersey/1817,"[{'prize': 5000.0, 'remaining': 1, 'is_ticket': False}, {'prize': 5000.0, 'remaining': 2, 'is_ticket': False}, {'prize': 1000.0, 'remaining': 6, 'is_ticket': False}, {'prize': 200.0, 'remaining': 66, 'is_ticket': False}, {'prize': 100.0, 'remaining': 856, 'is_ticket': False}, {'prize': 40.0, 'remaining': 1, 'is_ticket': False}, {'prize': 30.0, 'remaining': 6, 'is_ticket': False}, {'prize': 20.0, 'remaining': 15, 'is_ticket': False}, {'prize': 15.0, 'remaining': 3, 'is_ticket': False}, {'prize': 10.0, 'remaining': 34, 'is_ticket': False}, {'prize': 5.0, 'remaining': 33, 'is_ticket': False}, {'prize': 0.0, 'remaining': 116, 'is_ticket': True}]",106.42493415276559
NJ,lottery_net,2026-01-19T01:17:07.333395+00:00,1819,Merry Money Multiplier,2.0,4.22,10000.0,,2,active,https://scratchcards.net/new-jersey/1819,"[{'prize': 10000.0, 'remaining': 2, 'is_ticket': False}, {'prize': 1000.0, 'remaining': 10, 'is_ticket': False}, {'prize': 500.0, 'remaining': 49, 'is_ticket': False}, {'prize': 100.0, 'remaining': 861, 'is_ticket': False}, {'prize': 50.0, 'remaining': 5, 'is_ticket': False}, {'prize': 20.0, 'remaining': 24, 'is_ticket': False}, {'prize': 10.0, 'remaining': 50, 'is_ticket': False}, {'prize': 5.0, 'remaining': 26, 'is_ticket': False}, {'prize': 4.0, 'remaining': 150, 'is_ticket': False}, {'prize': 0.0, 'remaining': 221, 'is_ticket': True}]",102.29041487839771
NJ,lottery_net,2026-01-19T01:17:07.333405+00:00,1821,Winter Winnings,10.0,3.86,500000.0,,1,active,https://scratchcards.net/new-jersey/1821,"[{'prize': 500000.0, 'remaining': 1, 'is_ticket': False}, {'prize': 5000.0, 'remaining': 0, 'is_ticket': False}, {'prize': 2000.0, 'remaining': 2, 'is_ticket': False}, {'prize': 500.0, 'remaining': 267, 'is_ticket': False}, {'prize': 200.0, 'remaining': 565, 'is_ticket': False}, {'prize': 100.0, 'remaining': 6, 'is_ticket': False}, {'prize': 50.0, 'remaining': 20, 'is_ticket': False}, {'prize': 30.0, 'remaining': 15, 'is_ticket': False}, {'prize': 20.0, 'remaining': 40, 'is_ticket': False}, {'prize': 0.0, 'remaining': 76, 'is_ticket': True}]",760.1915322580645
NJ,lottery_net,2026-01-19T01:17:07.333415+00:00,1823,"$1,000,000 Spectacular",10.0,3.9,1000000.0,,0,active,https://scratchcards.net/new-jersey/1823,"[{'prize': 1000000.0, 'remaining': 0, 'is_ticket': False}, {'prize': 10000.0, 'remaining': 2, 'is_ticket': False}, {'prize': 2000.0, 'remaining': 21, 'is_ticket': False}, {'prize': 1000.0, 'remaining': 26, 'is_ticket': False}, {'prize': 500.0, 'remaining': 855, 'is_ticket': False}, {'prize': 200.0, 'remaining': 1, 'is_ticket': False}, {'prize': 100.0, 'remaining': 14, 'is_ticket': False}, {'prize': 50.0, 'remaining': 14, 'is_ticket': False}, {'prize': 20.0, 'remaining': 72, 'is_ticket': False}, {'prize': 0.0, 'remaining': 127, 'is_ticket': True}]",459.8144876325088
NJ,lottery_net,2026-01-19T01:17:07.333424+00:00,1825,Birthday Surprise,2.0,4.53,10000.0,,0,active,https://scratchcards.net/new-jersey/1825,"[{'prize': 10000.0, 'remaining': 0, 'is_ticket': False}, {'prize': 1000.0, 'remaining': 2, 'is_ticket': False}, {'prize': 500.0, 'remaining': 20, 'is_ticket': False}, {'prize': 100.0, 'remaining': 233, 'is_ticket': False}, {'prize': 50.0, 'remaining': 996, 'is_ticket': False}, {'prize': 20.0, 'remaining': 8, 'is_ticket': False}, {'prize': 10.0, 'remaining': 19, 'is_ticket': False}, {'prize': 5.0, 'remaining': 25, 'is_ticket': False}, {'prize': 4.0, 'remaining': 28, 'is_ticket': False}, {'prize': 0.0, 'remaining': 37, 'is_ticket': True}, {'prize': 0.0, 'remaining': 34, 'is_ticket': True}]",61.218972895863054
NJ,lottery_net,2026-01-19T01:17:07.333434+00:00,1832,Crossword,3.0,4.89,20000.0,,1,active,https://scratchcards.net/new-jersey/1832,"[{'prize': 20000.0, 'remaining': 1, 'is_ticket': False}, {'prize': 5000.0, 'remaining': 0, 'is_ticket': False}, {'prize': 500.0, 'remaining': 0, 'is_ticket': False}, {'prize': 100.0, 'remaining': 1, 'is_ticket': False}, {'prize': 25.0, 'remaining': 15, 'is_ticket': False}, {'prize': 10.0, 'remaining': 25, 'is_ticket': False}, {'prize': 5.0, 'remaining': 47, 'is_ticket': False}, {'prize': 0.0, 'remaining': 115, 'is_ticket': True}]",104.43627450980392
NJ,lottery_net,2026-01-19T01:17:07.333443+00:00,1837,Plu$ The Money,5.0,4.36,200000.0,,1,active,https://scratchcards.net/new-jersey/1837,"[{'prize': 200000.0, 'remaining': 1, 'is_ticket': False}, {'prize': 2500.0, 'remaining': 3, 'is_ticket': False}, {'prize': 1000.0, 'remaining': 3, 'is_ticket': False}, {'prize': 500.0, 'remaining': 128, 'is_ticket': False}, {'prize': 100.0, 'remaining': 1, 'is_ticket': False}, {'prize': 50.0, 'remaining': 6, 'is_ticket': False}, {'prize': 20.0, 'remaining': 32, 'is_ticket': False}, {'prize': 10.0, 'remaining': 67, 'is_ticket': False}, {'prize': 0.0, 'remaining': 48, 'is_ticket': True}]",956.5743944636678
NJ,lottery_net,2026-01-19T01:17:07.333453+00:00,1841,"$10,000 Bronze Payout",2.0,4.67,10000.0,,3,active,https://scratchcards.net/new-jersey/1841,"[{'prize': 10000.0, 'remaining': 3, 'is_ticket': False}, {'prize': 500.0, 'remaining': 26, 'is_ticket': False}, {'prize': 100.0, 'remaining': 273, 'is_ticket': False}, {'prize': 50.0, 'remaining': 4, 'is_ticket': False}, {'prize': 20.0, 'remaining': 11, 'is_ticket': False}, {'prize': 10.0, 'remaining': 40, 'is_ticket': False}, {'prize': 5.0, 'remaining': 49, 'is_ticket': False}, {'prize': 4.0, 'remaining': 60, 'is_ticket': False}, {'prize': 0.0, 'remaining': 108, 'is_ticket': True}]",125.12369337979094
NJ,lottery_net,2026-01-19T01:17:07.333462+00:00,1842,"$200,000 Silver Payout",5.0,4.26,200000.0,,1,active,https://scratchcards.net/new-jersey/1842,"[{'prize': 200000.0, 'remaining': 1, 'is_ticket': False}, {'prize': 5000.0, 'remaining': 1, 'is_ticket': False}, {'prize': 2000.0, 'remaining': 1, 'is_ticket': False}, {'prize': 500.0, 'remaining': 27, 'is_ticket': False}, {'prize': 100.0, 'remaining': 691, 'is_ticket': False}, {'prize': 50.0, 'remaining': 1, 'is_ticket': False}, {'prize': 20.0, 'remaining': 15, 'is_ticket': False}, {'prize': 10.0, 'remaining': 34, 'is_ticket': False}, {'prize': 0.0, 'remaining': 29, 'is_ticket': True}]",363.04375
NJ,lottery_net,2026-01-19T01:17:07.333472+00:00,1843,"$500,000 Gold Payout",10.0,3.97,500000.0,,1,active,https://scratchcards.net/new-jersey/1843,"[{'prize': 500000.0, 'remaining': 1, 'is_ticket': False}, {'prize': 10000.0, 'remaining': 3, 'is_ticket': False}, {'prize': 2000.0, 'remaining': 6, 'is_ticket': False}, {'prize': 500.0, 'remaining': 3, 'is_ticket': False}, {'prize': 200.0, 'remaining': 3, 'is_ticket': False}, {'prize': 100.0, 'remaining': 45, 'is_ticket': False}, {'prize': 50.0, 'remaining': 122, 'is_ticket': False}, {'prize': 30.0, 'remaining': 57, 'is_ticket': False}, {'prize': 20.0, 'remaining': 227, 'is_ticket': False}, {'prize': 0.0, 'remaining': 407, 'is_ticket': True}]",646.4759725400457
NJ,lottery_net,2026-01-19T01:17:07.333481+00:00,1844,"$1,000,000 Platinum Payout",20.0,3.94,1000000.0,,1,active,https://scratchcards.net/new-jersey/1844,"[{'prize': 1000000.0, 'remaining': 1, 'is_ticket': False}, {'prize': 50000.0, 'remaining': 4, 'is_ticket': False}, {'prize': 2000.0, 'remaining': 35, 'is_ticket': False}, {'prize': 500.0, 'remaining': 8, 'is_ticket': False}, {'prize': 200.0, 'remaining': 21, 'is_ticket': False}, {'prize': 100.0, 'remaining': 57, 'is_ticket': False}, {'prize': 50.0, 'remaining': 126, 'is_ticket': False}, {'prize': 40.0, 'remaining': 104, 'is_ticket': False}, {'prize': 0.0, 'remaining': 210, 'is_ticket': True}]",2294.2756183745582
NJ,lottery_net,2026-01-19T01:17:07.333491+00:00,1845,Super Crossword,5.0,4.32,50000.0,,1,active,https://scratchcards.net/new-jersey/1845,"[{'prize': 50000.0, 'remaining': 1, 'is_ticket': False}, {'prize': 7500.0, 'remaining': 1, 'is_ticket': False}, {'prize': 750.0, 'remaining': 8, 'is_ticket': False}, {'prize': 150.0, 'remaining': 1, 'is_ticket': False}, {'prize': 100.0, 'remaining': 2, 'is_ticket': False}, {'prize': 50.0, 'remaining': 2, 'is_ticket': False}, {'prize': 30.0, 'remaining': 1, 'is_ticket': False}, {'prize': 15.0, 'remaining': 4, 'is_ticket': False}, {'prize': 7.0, 'remaining': 42, 'is_ticket': False}, {'prize': 0.0, 'remaining': 68, 'is_ticket': True}]",497.4923076923077
NJ,lottery_net,2026-01-19T01:17:07.333501+00:00,1847,Loose Change,1.0,4.42,500.0,,10,active,https://scratchcards.net/new-jersey/1847,"[{'prize': 500.0, 'remaining': 10, 'is_ticket': False}, {'prize': 100.0, 'remaining': 167, 'is_ticket': False}, {'prize': 40.0, 'remaining': 1, 'is_ticket': False}, {'prize': 20.0, 'remaining': 4, 'is_ticket': False}, {'prize': 10.0, 'remaining': 8, 'is_ticket': False}, {'prize': 5.0, 'remaining': 25, 'is_ticket': False}, {'prize': 2.0, 'remaining': 69, 'is_ticket': False}, {'prize': 0.0, 'remaining': 150, 'is_ticket': True}]",51.41244239631337
NJ,lottery_net,2026-01-19T01:17:07.333511+00:00,1848,Colossal Crossword,30.0,3.4,600000.0,,2,active,https://scratchcards.net/new-jersey/1848,"[{'prize': 600000.0, 'remaining': 2, 'is_ticket': False}, {'prize': 25000.0, 'remaining': 0, 'is_ticket': False}, {'prize': 2000.0, 'remaining': 4, 'is_ticket': False}, {'prize': 500.0, 'remaining': 832, 'is_ticket': False}, {'prize': 250.0, 'remaining': 1, 'is_ticket': False}, {'prize': 150.0, 'remaining': 2, 'is_ticket': False}, {'prize': 100.0, 'remaining': 6, 'is_ticket': False}, {'prize': 75.0, 'remaining': 3, 'is_ticket': False}, {'prize': 50.0, 'remaining': 16, 'is_ticket': False}, {'prize': 0.0, 'remaining': 16, 'is_ticket': True}]",1844.280045351474
NJ,lottery_net,2026-01-19T01:17:07.333521+00:00,1850,"$50,000,000 Explosion",20.0,9.7,500.0,,1497,active,https://scratchcards.net/new-jersey/1850,"[{'prize': 500.0, 'remaining': 1, 'is_ticket': False}, {'prize': 300.0, 'remaining': 455, 'is_ticket': False}, {'prize': 200.0, 'remaining': 18, 'is_ticket': False}, {'prize': 100.0, 'remaining': 54, 'is_ticket': False}]",276.5151515151515
NJ,lottery_net,2026-01-19T01:17:07.333531+00:00,1851,It Takes 2,2.0,4.44,10000.0,,3,active,https://scratchcards.net/new-jersey/1851,"[{'prize': 10000.0, 'remaining': 3, 'is_ticket': False}, {'prize': 1000.0, 'remaining': 16, 'is_ticket': False}, {'prize': 100.0, 'remaining': 1, 'is_ticket': False}, {'prize': 50.0, 'remaining': 3, 'is_ticket': False}, {'prize': 30.0, 'remaining': 4, 'is_ticket': False}, {'prize': 20.0, 'remaining': 44, 'is_ticket': False}, {'prize': 10.0, 'remaining': 77, 'is_ticket': False}, {'prize': 5.0, 'remaining': 105, 'is_ticket': False}, {'prize': 4.0, 'remaining': 112, 'is_ticket': False}, {'prize': 0.0, 'remaining': 289, 'is_ticket': True}]",75.79663608562691
NJ,lottery_net,2026-01-19T01:17:07.333540+00:00,1852,Triple Golden Cherries,5.0,4.13,200000.0,,0,active,https://scratchcards.net/new-jersey/1852,"[{'prize': 200000.0, 'remaining': 0, 'is_ticket': False}, {'prize': 5000.0, 'remaining': 1, 'is_ticket': False}, {'prize': 2000.0, 'remaining': 2, 'is_ticket': False}, {'prize': 500.0, 'remaining': 39, 'is_ticket': False}, {'prize': 100.0, 'remaining': 645, 'is_ticket': False}, {'prize': 50.0, 'remaining': 1, 'is_ticket': False}, {'prize': 30.0, 'remaining': 2, 'is_ticket': False}, {'prize': 20.0, 'remaining': 10, 'is_ticket': False}, {'prize': 10.0, 'remaining': 29, 'is_ticket': False}, {'prize': 0.0, 'remaining': 30, 'is_ticket': True}]",123.51778656126483
NJ,lottery_net,2026-01-19T01:17:07.333549+00:00,1859,"$250,000 Crossword",10.0,4.06,250000.0,,1,active,https://scratchcards.net/new-jersey/1859,"[{'prize': 250000.0, 'remaining': 1, 'is_ticket': False}, {'prize': 20000.0, 'remaining': 0, 'is_ticket': False}, {'prize': 1000.0, 'remaining': 2, 'is_ticket': False}, {'prize': 525.0, 'remaining': 62, 'is_ticket': False}, {'prize': 500.0, 'remaining': 68, 'is_ticket': False}, {'prize': 225.0, 'remaining': 70, 'is_ticket': False}, {'prize': 150.0, 'remaining': 122, 'is_ticket': False}, {'prize': 130.0, 'remaining': 133, 'is_ticket': False}, {'prize': 100.0, 'remaining': 1, 'is_ticket': False}, {'prize': 50.0, 'remaining': 7, 'is_ticket': False}, {'prize': 30.0, 'remaining': 5, 'is_ticket': False}, {'prize': 25.0, 'remaining': 2, 'is_ticket': False}, {'prize': 20.0, 'remaining': 15, 'is_ticket': False}, {'prize': 0.0, 'remaining': 35, 'is_ticket': True}]",709.7323135755258
NJ,lottery_net,2026-01-19T01:17:07.333559+00:00,1855,Power Play,5.0,4.23,200000.0,,0,active,https://scratchcards.net/new-jersey/1855,"[{'prize': 200000.0, 'remaining': 0, 'is_ticket': False}, {'prize': 5000.0, 'remaining': 5, 'is_ticket': False}, {'prize': 2000.0, 'remaining': 15, 'is_ticket': False}, {'prize': 500.0, 'remaining': 161, 'is_ticket': False}, {'prize': 250.0, 'remaining': 278, 'is_ticket': False}, {'prize': 100.0, 'remaining': 3, 'is_ticket': False}, {'prize': 50.0, 'remaining': 7, 'is_ticket': False}, {'prize': 25.0, 'remaining': 42, 'is_ticket': False}, {'prize': 20.0, 'remaining': 50, 'is_ticket': False}, {'prize': 15.0, 'remaining': 35, 'is_ticket': False}, {'prize': 10.0, 'remaining': 123, 'is_ticket': False}, {'prize': 0.0, 'remaining': 148, 'is_ticket': True}]",242.439446366782
NJ,lottery_net,2026-01-19T01:17:07.333569+00:00,1865,Crossword Bonanza,20.0,3.56,400000.0,,0,active,https://scratchcards.net/new-jersey/1865,"[{'prize': 400000.0, 'remaining': 0, 'is_ticket': False}, {'prize': 25000.0, 'remaining': 1, 'is_ticket': False}, {'prize': 2000.0, 'remaining': 5, 'is_ticket': False}, {'prize': 500.0, 'remaining': 561, 'is_ticket': False}, {'prize': 200.0, 'remaining': 450, 'is_ticket': False}, {'prize': 150.0, 'remaining': 840, 'is_ticket': False}, {'prize': 100.0, 'remaining': 4, 'is_ticket': False}, {'prize': 80.0, 'remaining': 1, 'is_ticket': False}, {'prize': 60.0, 'remaining': 1, 'is_ticket': False}, {'prize': 50.0, 'remaining': 8, 'is_ticket': False}, {'prize': 30.0, 'remaining': 13, 'is_ticket': False}, {'prize': 0.0, 'remaining': 22, 'is_ticket': True}]",279.78488982161593
NJ,lottery_net,2026-01-19T01:17:07.333579+00:00,1861,Big Money Spectacular,2.0,4.76,30000.0,,1,active,https://scratchcards.net/new-jersey/1861,"[{'prize': 30000.0, 'remaining': 1, 'is_ticket': False}, {'prize': 5000.0, 'remaining': 0, 'is_ticket': False}, {'prize': 1000.0, 'remaining': 3, 'is_ticket': False}, {'prize': 500.0, 'remaining': 16, 'is_ticket': False}, {'prize': 100.0, 'remaining': 511, 'is_ticket': False}, {'prize': 75.0, 'remaining': 378, 'is_ticket': False}, {'prize': 50.0, 'remaining': 2, 'is_ticket': False}, {'prize': 25.0, 'remaining': 4, 'is_ticket': False}, {'prize': 20.0, 'remaining': 7, 'is_ticket': False}, {'prize': 15.0, 'remaining': 12, 'is_ticket': False}, {'prize': 10.0, 'remaining': 13, 'is_ticket': False}, {'prize': 5.0, 'remaining': 18, 'is_ticket': False}, {'prize': 4.0, 'remaining': 22, 'is_ticket': False}, {'prize': 3.0, 'remaining': 38, 'is_ticket': False}, {'prize': 2.0, 'remaining': 60, 'is_ticket': False}, {'prize': 0.0, 'remaining': 62, 'is_ticket': True}]",106.04707933740191
NJ,lottery_net,2026-01-19T01:17:07.333588+00:00,1854,It's A Jersey Thing,10.0,3.96,500000.0,,1,active,https://scratchcards.net/new-jersey/1854,"[{'prize': 500000.0, 'remaining': 1, 'is_ticket': False}, {'prize': 5000.0, 'remaining': 4, 'is_ticket': False}, {'prize': 1000.0, 'remaining': 2, 'is_ticket': False}, {'prize': 500.0, 'remaining': 229, 'is_ticket': False}, {'prize': 200.0, 'remaining': 394, 'is_ticket': False}, {'prize': 100.0, 'remaining': 7, 'is_ticket': False}, {'prize': 50.0, 'remaining': 20, 'is_ticket': False}, {'prize': 30.0, 'remaining': 9, 'is_ticket': False}, {'prize': 20.0, 'remaining': 37, 'is_ticket': False}, {'prize': 0.0, 'remaining': 70, 'is_ticket': True}]",929.7671410090556
NJ,lottery_net,2026-01-19T01:17:07.333598+00:00,1856,Red Ball Tripler,2.0,4.57,10000.0,,1,active,https://scratchcards.net/new-jersey/1856,"[{'prize': 10000.0, 'remaining': 1, 'is_ticket': False}, {'prize': 1000.0, 'remaining': 5, 'is_ticket': False}, {'prize': 500.0, 'remaining': 17, 'is_ticket': False}, {'prize': 100.0, 'remaining': 298, 'is_ticket': False}, {'prize': 50.0, 'remaining': 535, 'is_ticket': False}, {'prize': 30.0, 'remaining': 1, 'is_ticket': False}, {'prize': 20.0, 'remaining': 6, 'is_ticket': False}, {'prize': 15.0, 'remaining': 10, 'is_ticket': False}, {'prize': 10.0, 'remaining': 40, 'is_ticket': False}, {'prize': 5.0, 'remaining': 82, 'is_ticket': False}, {'prize': 0.0, 'remaining': 99, 'is_ticket': True}]",74.3674588665448
NJ,lottery_net,2026-01-19T01:17:07.333607+00:00,1857,Neon Cash Party,10.0,7.66,500000.0,,1,active,https://scratchcards.net/new-jersey/1857,"[{'prize': 500000.0, 'remaining': 1, 'is_ticket': False}, {'prize': 5000.0, 'remaining': 3, 'is_ticket': False}, {'prize': 2500.0, 'remaining': 9, 'is_ticket': False}, {'prize': 500.0, 'remaining': 2, 'is_ticket': False}, {'prize': 250.0, 'remaining': 3, 'is_ticket': False}, {'prize': 100.0, 'remaining': 8, 'is_ticket': False}, {'prize': 50.0, 'remaining': 17, 'is_ticket': False}, {'prize': 40.0, 'remaining': 34, 'is_ticket': False}, {'prize': 20.0, 'remaining': 71, 'is_ticket': False}]",3673.5135135135133
NJ,lottery_net,2026-01-19T01:17:07.333617+00:00,1863,Easy As 123,2.0,4.58,10000.0,,1,active,https://scratchcards.net/new-jersey/1863,"[{'prize': 10000.0, 'remaining': 1, 'is_ticket': False}, {'prize': 1000.0, 'remaining': 2, 'is_ticket': False}, {'prize': 300.0, 'remaining': 54, 'is_ticket': False}, {'prize': 200.0, 'remaining': 303, 'is_ticket': False}, {'prize': 100.0, 'remaining': 605, 'is_ticket': False}, {'prize': 30.0, 'remaining': 4, 'is_ticket': False}, {'prize': 20.0, 'remaining': 12, 'is_ticket': False}, {'prize': 10.0, 'remaining': 27, 'is_ticket': False}, {'prize': 5.0, 'remaining': 84, 'is_ticket': False}, {'prize': 0.0, 'remaining': 114, 'is_ticket': True}]",124.85737976782752
NJ,lottery_net,2026-01-19T01:17:07.333627+00:00,1864,"$100,000 Lightning Bingo",5.0,4.05,100000.0,,0,active,https://scratchcards.net/new-jersey/1864,"[{'prize': 100000.0, 'remaining': 0, 'is_ticket': False}, {'prize': 30000.0, 'remaining': 1, 'is_ticket': False}, {'prize': 5000.0, 'remaining': 2, 'is_ticket': False}, {'prize': 1000.0, 'remaining': 12, 'is_ticket': False}, {'prize': 500.0, 'remaining': 80, 'is_ticket': False}, {'prize': 400.0, 'remaining': 17, 'is_ticket': False}, {'prize': 200.0, 'remaining': 291, 'is_ticket': False}, {'prize': 100.0, 'remaining': 2, 'is_ticket': False}, {'prize': 75.0, 'remaining': 604, 'is_ticket': False}, {'prize': 50.0, 'remaining': 12, 'is_ticket': False}, {'prize': 20.0, 'remaining': 32, 'is_ticket': False}, {'prize': 10.0, 'remaining': 62, 'is_ticket': False}, {'prize': 5.0, 'remaining': 87, 'is_ticket': False}, {'prize': 0.0, 'remaining': 34, 'is_ticket': True}]",165.82928802588998
NJ,lottery_net,2026-01-19T01:17:07.333637+00:00,1751,Win Either $100 Or $200,20.0,9.26,200.0,,36580,active,https://scratchcards.net/new-jersey/1751,"[{'prize': 200.0, 'remaining': 36, 'is_ticket': False}, {'prize': 100.0, 'remaining': 104, 'is_ticket': False}]",125.71428571428571
NJ,lottery_net,2026-01-19T01:17:07.333646+00:00,1758,Lucky 7'S Multiplier,20.0,3.88,1000000.0,,1,active,https://scratchcards.net/new-jersey/1758,"[{'prize': 1000000.0, 'remaining': 1, 'is_ticket': False}, {'prize': 10000.0, 'remaining': 9, 'is_ticket': False}, {'prize': 2000.0, 'remaining': 156, 'is_ticket': False}, {'prize': 500.0, 'remaining': 6, 'is_ticket': False}, {'prize': 200.0, 'remaining': 18, 'is_ticket': False}, {'prize': 100.0, 'remaining': 50, 'is_ticket': False}, {'prize': 50.0, 'remaining': 98, 'is_ticket': False}, {'prize': 40.0, 'remaining': 116, 'is_ticket': False}, {'prize': 0.0, 'remaining': 186, 'is_ticket': True}]",2229.46875
NJ,lottery_net,2026-01-19T01:17:07.333656+00:00,1835,Loteria Grande,5.0,3.91,100000.0,,0,active,https://scratchcards.net/new-jersey/1835,"[{'prize': 100000.0, 'remaining': 0, 'is_ticket': False}, {'prize': 2000.0, 'remaining': 15, 'is_ticket': False}, {'prize': 500.0, 'remaining': 32, 'is_ticket': False}, {'prize': 250.0, 'remaining': 50, 'is_ticket': False}, {'prize': 100.0, 'remaining': 761, 'is_ticket': False}, {'prize': 75.0, 'remaining': 293, 'is_ticket': False}, {'prize': 50.0, 'remaining': 1, 'is_ticket': False}, {'prize': 40.0, 'remaining': 1, 'is_ticket': False}, {'prize': 25.0, 'remaining': 5, 'is_ticket': False}, {'prize': 20.0, 'remaining': 5, 'is_ticket': False}, {'prize': 15.0, 'remaining': 6, 'is_ticket': False}, {'prize': 10.0, 'remaining': 34, 'is_ticket': False}, {'prize': 0.0, 'remaining': 45, 'is_ticket': True}]",126.23798076923077
NJ,lottery_net,2026-01-19T01:17:07.333665+00:00,1853,Big Ca$H,10.0,7.33,500.0,,165,active,https://scratchcards.net/new-jersey/1853,"[{'prize': 500.0, 'remaining': 165, 'is_ticket': False}, {'prize': 200.0, 'remaining': 869, 'is_ticket': False}, {'prize': 100.0, 'remaining': 8, 'is_ticket': False}, {'prize': 50.0, 'remaining': 5, 'is_ticket': False}, {'prize': 40.0, 'remaining': 8, 'is_ticket': False}, {'prize': 25.0, 'remaining': 6, 'is_ticket': False}, {'prize': 20.0, 'remaining': 18, 'is_ticket': False}]",239.27710843373495
NJ,lottery_net,2026-01-19T01:17:07.333675+00:00,1858,Loteria,3.0,4.1,30000.0,,0,active,https://scratchcards.net/new-jersey/1858,"[{'prize': 30000.0, 'remaining': 0, 'is_ticket': False}, {'prize': 500.0, 'remaining': 121, 'is_ticket': False}, {'prize': 150.0, 'remaining': 203, 'is_ticket': False}, {'prize': 100.0, 'remaining': 352, 'is_ticket': False}, {'prize': 50.0, 'remaining': 1, 'is_ticket': False}, {'prize': 30.0, 'remaining': 793, 'is_ticket': False}, {'prize': 25.0, 'remaining': 3, 'is_ticket': False}, {'prize': 20.0, 'remaining': 12, 'is_ticket': False}, {'prize': 15.0, 'remaining': 15, 'is_ticket': False}, {'prize': 10.0, 'remaining': 26, 'is_ticket': False}, {'prize': 5.0, 'remaining': 54, 'is_ticket': False}, {'prize': 0.0, 'remaining': 107, 'is_ticket': True}]",89.73384706579728
NJ,lottery_net,2026-01-19T01:17:07.333684+00:00,1889,Full Of $500'S,5.0,4.64,200000.0,,1,active,https://scratchcards.net/new-jersey/1889,"[{'prize': 200000.0, 'remaining': 1, 'is_ticket': False}, {'prize': 500.0, 'remaining': 342, 'is_ticket': False}, {'prize': 200.0, 'remaining': 43, 'is_ticket': False}, {'prize': 100.0, 'remaining': 494, 'is_ticket': False}, {'prize': 50.0, 'remaining': 495, 'is_ticket': False}, {'prize': 40.0, 'remaining': 477, 'is_ticket': False}, {'prize': 25.0, 'remaining': 1, 'is_ticket': False}, {'prize': 20.0, 'remaining': 3, 'is_ticket': False}, {'prize': 10.0, 'remaining': 23, 'is_ticket': False}, {'prize': 0.0, 'remaining': 34, 'is_ticket': True}]",247.4202822791427
NJ,lottery_net,2026-01-19T01:17:07.333702+00:00,1869,Number-Rific!,5.0,4.3,200000.0,,1,active,https://scratchcards.net/new-jersey/1869,"[{'prize': 200000.0, 'remaining': 1, 'is_ticket': False}, {'prize': 5000.0, 'remaining': 6, 'is_ticket': False}, {'prize': 2500.0, 'remaining': 6, 'is_ticket': False}, {'prize': 500.0, 'remaining': 110, 'is_ticket': False}, {'prize': 250.0, 'remaining': 163, 'is_ticket': False}, {'prize': 100.0, 'remaining': 1, 'is_ticket': False}, {'prize': 50.0, 'remaining': 6, 'is_ticket': False}, {'prize': 25.0, 'remaining': 8, 'is_ticket': False}, {'prize': 20.0, 'remaining': 34, 'is_ticket': False}, {'prize': 10.0, 'remaining': 54, 'is_ticket': False}, {'prize': 0.0, 'remaining': 80, 'is_ticket': True}]",731.2793176972282
NJ,lottery_net,2026-01-19T01:17:07.333712+00:00,1870,200X Cash Blitz,30.0,3.58,4000000.0,,1,active,https://scratchcards.net/new-jersey/1870,"[{'prize': 4000000.0, 'remaining': 1, 'is_ticket': False}, {'prize': 50000.0, 'remaining': 7, 'is_ticket': False}, {'prize': 10000.0, 'remaining': 15, 'is_ticket': False}, {'prize': 5000.0, 'remaining': 146, 'is_ticket': False}, {'prize': 1000.0, 'remaining': 368, 'is_ticket': False}, {'prize': 500.0, 'remaining': 17, 'is_ticket': False}, {'prize': 250.0, 'remaining': 20, 'is_ticket': False}, {'prize': 200.0, 'remaining': 39, 'is_ticket': False}, {'prize': 100.0, 'remaining': 177, 'is_ticket': False}, {'prize': 50.0, 'remaining': 364, 'is_ticket': False}, {'prize': 0.0, 'remaining': 288, 'is_ticket': True}]",3927.766990291262
NJ,lottery_net,2026-01-19T01:17:07.333731+00:00,1872,20X Cash Blitz,5.0,4.38,200000.0,,1,active,https://scratchcards.net/new-jersey/1872,"[{'prize': 200000.0, 'remaining': 1, 'is_ticket': False}, {'prize': 10000.0, 'remaining': 4, 'is_ticket': False}, {'prize': 1000.0, 'remaining': 6, 'is_ticket': False}, {'prize': 500.0, 'remaining': 86, 'is_ticket': False}, {'prize': 100.0, 'remaining': 1, 'is_ticket': False}, {'prize': 50.0, 'remaining': 2, 'is_ticket': False}, {'prize': 25.0, 'remaining': 8, 'is_ticket': False}, {'prize': 20.0, 'remaining': 17, 'is_ticket': False}, {'prize': 10.0, 'remaining': 59, 'is_ticket': False}, {'prize': 0.0, 'remaining': 30, 'is_ticket': True}]",1357.3831775700935
NJ,lottery_net,2026-01-19T01:17:07.333750+00:00,1871,10X Cash Blitz,2.0,4.66,20000.0,,0,active,https://scratchcards.net/new-jersey/1871,"[{'prize': 20000.0, 'remaining': 0, 'is_ticket': False}, {'prize': 1000.0, 'remaining': 4, 'is_ticket': False}, {'prize': 100.0, 'remaining': 617, 'is_ticket': False}, {'prize': 50.0, 'remaining': 5, 'is_ticket': False}, {'prize': 20.0, 'remaining': 29, 'is_ticket': False}, {'prize': 10.0, 'remaining': 79, 'is_ticket': False}, {'prize': 5.0, 'remaining': 93, 'is_ticket': False}, {'prize': 4.0, 'remaining': 74, 'is_ticket': False}, {'prize': 0.0, 'remaining': 197, 'is_ticket': True}]",62.36338797814208
NJ,lottery_net,2026-01-19T01:17:07.333759+00:00,1873,50X Cash Blitz,10.0,3.75,500000.0,,2,active,https://scratchcards.net/new-jersey/1873,"[{'prize': 500000.0, 'remaining': 2, 'is_ticket': False}, {'prize': 10000.0, 'remaining': 5, 'is_ticket': False}, {'prize': 1000.0, 'remaining': 26, 'is_ticket': False}, {'prize': 500.0, 'remaining': 1, 'is_ticket': False}, {'prize': 200.0, 'remaining': 4, 'is_ticket': False}, {'prize': 100.0, 'remaining': 52, 'is_ticket': False}, {'prize': 50.0, 'remaining': 86, 'is_ticket': False}, {'prize': 40.0, 'remaining': 87, 'is_ticket': False}, {'prize': 20.0, 'remaining': 234, 'is_ticket': False}, {'prize': 0.0, 'remaining': 474, 'is_ticket': True}]",1132.5437693099898
NJ,lottery_net,2026-01-19T01:17:07.333768+00:00,1874,100X Cash Blitz,20.0,3.95,1000000.0,,1,active,https://scratchcards.net/new-jersey/1874,"[{'prize': 1000000.0, 'remaining': 1, 'is_ticket': False}, {'prize': 5000.0, 'remaining': 13, 'is_ticket': False}, {'prize': 2000.0, 'remaining': 161, 'is_ticket': False}, {'prize': 500.0, 'remaining': 8, 'is_ticket': False}, {'prize': 200.0, 'remaining': 18, 'is_ticket': False}, {'prize': 100.0, 'remaining': 63, 'is_ticket': False}, {'prize': 50.0, 'remaining': 98, 'is_ticket': False}, {'prize': 30.0, 'remaining': 94, 'is_ticket': False}, {'prize': 0.0, 'remaining': 188, 'is_ticket': True}]",2193.136645962733
NJ,lottery_net,2026-01-19T01:17:07.333809+00:00,1875,Double Cash,2.0,4.42,20000.0,,1,active,https://scratchcards.net/new-jersey/1875,"[{'prize': 20000.0, 'remaining': 1, 'is_ticket': False}, {'prize': 2000.0, 'remaining': 3, 'is_ticket': False}, {'prize': 500.0, 'remaining': 15, 'is_ticket': False}, {'prize': 100.0, 'remaining': 283, 'is_ticket': False}, {'prize': 40.0, 'remaining': 1, 'is_ticket': False}, {'prize': 20.0, 'remaining': 6, 'is_ticket': False}, {'prize': 15.0, 'remaining': 2, 'is_ticket': False}, {'prize': 10.0, 'remaining': 20, 'is_ticket': False}, {'prize': 5.0, 'remaining': 46, 'is_ticket': False}, {'prize': 4.0, 'remaining': 22, 'is_ticket': False}, {'prize': 0.0, 'remaining': 53, 'is_ticket': True}, {'prize': 0.0, 'remaining': 30, 'is_ticket': True}]",130.02904564315352
NJ,lottery_net,2026-01-19T01:17:07.333818+00:00,1876,Winning Streak,5.0,4.31,200000.0,,0,active,https://scratchcards.net/new-jersey/1876,"[{'prize': 200000.0, 'remaining': 0, 'is_ticket': False}, {'prize': 5000.0, 'remaining': 4, 'is_ticket': False}, {'prize': 2500.0, 'remaining': 6, 'is_ticket': False}, {'prize': 1250.0, 'remaining': 6, 'is_ticket': False}, {'prize': 500.0, 'remaining': 154, 'is_ticket': False}, {'prize': 250.0, 'remaining': 103, 'is_ticket': False}, {'prize': 200.0, 'remaining': 109, 'is_ticket': False}, {'prize': 125.0, 'remaining': 182, 'is_ticket': False}, {'prize': 100.0, 'remaining': 2, 'is_ticket': False}, {'prize': 50.0, 'remaining': 4, 'is_ticket': False}, {'prize': 40.0, 'remaining': 1, 'is_ticket': False}, {'prize': 25.0, 'remaining': 13, 'is_ticket': False}, {'prize': 20.0, 'remaining': 34, 'is_ticket': False}, {'prize': 10.0, 'remaining': 53, 'is_ticket': False}, {'prize': 0.0, 'remaining': 91, 'is_ticket': True}]",252.27034120734908
NJ,lottery_net,2026-01-19T01:17:07.333828+00:00,1877,"$1,000,000 Ultimate Spectacul",30.0,3.61,1000000.0,,5,active,https://scratchcards.net/new-jersey/1877,"[{'prize': 1000000.0, 'remaining': 5, 'is_ticket': False}, {'prize': 50000.0, 'remaining': 6, 'is_ticket': False}, {'prize': 10000.0, 'remaining': 11, 'is_ticket': False}, {'prize': 5000.0, 'remaining': 66, 'is_ticket': False}, {'prize': 2000.0, 'remaining': 176, 'is_ticket': False}, {'prize': 500.0, 'remaining': 24, 'is_ticket': False}, {'prize': 250.0, 'remaining': 50, 'is_ticket': False}, {'prize': 200.0, 'remaining': 55, 'is_ticket': False}, {'prize': 100.0, 'remaining': 244, 'is_ticket': False}, {'prize': 50.0, 'remaining': 613, 'is_ticket': False}, {'prize': 0.0, 'remaining': 370, 'is_ticket': True}]",3823.240740740741
NJ,lottery_net,2026-01-19T01:17:07.333838+00:00,1885,Cash In A Flash,10.0,7.33,500.0,,606,active,https://scratchcards.net/new-jersey/1885,"[{'prize': 500.0, 'remaining': 606, 'is_ticket': False}, {'prize': 200.0, 'remaining': 3, 'is_ticket': False}, {'prize': 100.0, 'remaining': 30, 'is_ticket': False}, {'prize': 50.0, 'remaining': 20, 'is_ticket': False}, {'prize': 40.0, 'remaining': 30, 'is_ticket': False}, {'prize': 25.0, 'remaining': 20, 'is_ticket': False}, {'prize': 20.0, 'remaining': 61, 'is_ticket': False}]",403.27272727272725
NJ,lottery_net,2026-01-19T01:17:07.333867+00:00,1882,"$100,000 Bingo Extra",5.0,4.38,100000.0,,0,active,https://scratchcards.net/new-jersey/1882,"[{'prize': 100000.0, 'remaining': 0, 'is_ticket': False}, {'prize': 20000.0, 'remaining': 0, 'is_ticket': False}, {'prize': 5000.0, 'remaining': 5, 'is_ticket': False}, {'prize': 1000.0, 'remaining': 9, 'is_ticket': False}, {'prize': 500.0, 'remaining': 26, 'is_ticket': False}, {'prize': 200.0, 'remaining': 98, 'is_ticket': False}, {'prize': 100.0, 'remaining': 853, 'is_ticket': False}, {'prize': 75.0, 'remaining': 458, 'is_ticket': False}, {'prize': 50.0, 'remaining': 8, 'is_ticket': False}, {'prize': 20.0, 'remaining': 15, 'is_ticket': False}, {'prize': 10.0, 'remaining': 36, 'is_ticket': False}, {'prize': 5.0, 'remaining': 55, 'is_ticket': False}]",120.01599488163788
NJ,lottery_net,2026-01-19T01:17:07.333876+00:00,1878,Holiday Ca$H,1.0,4.63,500.0,,5,active,https://scratchcards.net/new-jersey/1878,"[{'prize': 500.0, 'remaining': 5, 'is_ticket': False}, {'prize': 100.0, 'remaining': 502, 'is_ticket': False}, {'prize': 40.0, 'remaining': 2, 'is_ticket': False}, {'prize': 20.0, 'remaining': 7, 'is_ticket': False}, {'prize': 10.0, 'remaining': 15, 'is_ticket': False}, {'prize': 5.0, 'remaining': 45, 'is_ticket': False}, {'prize': 2.0, 'remaining': 117, 'is_ticket': False}, {'prize': 0.0, 'remaining': 244, 'is_ticket': True}]",57.388473852721454
NJ,lottery_net,2026-01-19T01:17:07.333886+00:00,1879,It's Gold Outside,2.0,4.33,10000.0,,3,active,https://scratchcards.net/new-jersey/1879,"[{'prize': 10000.0, 'remaining': 3, 'is_ticket': False}, {'prize': 1000.0, 'remaining': 7, 'is_ticket': False}, {'prize': 250.0, 'remaining': 75, 'is_ticket': False}, {'prize': 100.0, 'remaining': 530, 'is_ticket': False}, {'prize': 40.0, 'remaining': 3, 'is_ticket': False}, {'prize': 20.0, 'remaining': 26, 'is_ticket': False}, {'prize': 10.0, 'remaining': 51, 'is_ticket': False}, {'prize': 5.0, 'remaining': 80, 'is_ticket': False}, {'prize': 4.0, 'remaining': 61, 'is_ticket': False}, {'prize': 0.0, 'remaining': 202, 'is_ticket': True}]",106.88631984585741
NJ,lottery_net,2026-01-19T01:17:07.333895+00:00,1880,Candy Cane Cash,5.0,4.3,100000.0,,0,active,https://scratchcards.net/new-jersey/1880,"[{'prize': 100000.0, 'remaining': 0, 'is_ticket': False}, {'prize': 5000.0, 'remaining': 7, 'is_ticket': False}, {'prize': 500.0, 'remaining': 90, 'is_ticket': False}, {'prize': 200.0, 'remaining': 307, 'is_ticket': False}, {'prize': 100.0, 'remaining': 2, 'is_ticket': False}, {'prize': 40.0, 'remaining': 8, 'is_ticket': False}, {'prize': 20.0, 'remaining': 38, 'is_ticket': False}, {'prize': 10.0, 'remaining': 69, 'is_ticket': False}, {'prize': 0.0, 'remaining': 76, 'is_ticket': True}]",240.78726968174203
NJ,lottery_net,2026-01-19T01:17:07.333905+00:00,1881,Winter Green,10.0,3.86,500000.0,,1,active,https://scratchcards.net/new-jersey/1881,"[{'prize': 500000.0, 'remaining': 1, 'is_ticket': False}, {'prize': 5000.0, 'remaining': 0, 'is_ticket': False}, {'prize': 2000.0, 'remaining': 4, 'is_ticket': False}, {'prize': 500.0, 'remaining': 354, 'is_ticket': False}, {'prize': 200.0, 'remaining': 695, 'is_ticket': False}, {'prize': 100.0, 'remaining': 7, 'is_ticket': False}, {'prize': 50.0, 'remaining': 23, 'is_ticket': False}, {'prize': 30.0, 'remaining': 18, 'is_ticket': False}, {'prize': 20.0, 'remaining': 47, 'is_ticket': False}, {'prize': 0.0, 'remaining': 47, 'is_ticket': True}, {'prize': 0.0, 'remaining': 43, 'is_ticket': True}]",668.4665052461662
NJ,lottery_net,2026-01-19T01:17:07.333914+00:00,1883,Classic Bingo,2.0,4.0,10000.0,,2,active,https://scratchcards.net/new-jersey/1883,"[{'prize': 10000.0, 'remaining': 2, 'is_ticket': False}, {'prize': 1000.0, 'remaining': 3, 'is_ticket': False}, {'prize': 500.0, 'remaining': 10, 'is_ticket': False}, {'prize': 200.0, 'remaining': 17, 'is_ticket': False}, {'prize': 165.0, 'remaining': 18, 'is_ticket': False}, {'prize': 100.0, 'remaining': 470, 'is_ticket': False}, {'prize': 70.0, 'remaining': 392, 'is_ticket': False}, {'prize': 50.0, 'remaining': 1, 'is_ticket': False}, {'prize': 20.0, 'remaining': 6, 'is_ticket': False}, {'prize': 15.0, 'remaining': 10, 'is_ticket': False}, {'prize': 10.0, 'remaining': 11, 'is_ticket': False}, {'prize': 7.0, 'remaining': 5, 'is_ticket': False}, {'prize': 5.0, 'remaining': 56, 'is_ticket': False}, {'prize': 2.0, 'remaining': 53, 'is_ticket': False}, {'prize': 0.0, 'remaining': 90, 'is_ticket': True}]",96.01486013986013
NJ,lottery_net,2026-01-19T01:17:07.333923+00:00,1892,Millionaire Maker,25.0,5.34,2000000.0,,1,active,https://scratchcards.net/new-jersey/1892,"[{'prize': 2000000.0, 'remaining': 1, 'is_ticket': False}, {'prize': 50000.0, 'remaining': 3, 'is_ticket': False}, {'prize': 10000.0, 'remaining': 7, 'is_ticket': False}, {'prize': 5000.0, 'remaining': 68, 'is_ticket': False}, {'prize': 2000.0, 'remaining': 180, 'is_ticket': False}, {'prize': 500.0, 'remaining': 13, 'is_ticket': False}, {'prize': 250.0, 'remaining': 8, 'is_ticket': False}, {'prize': 200.0, 'remaining': 41, 'is_ticket': False}, {'prize': 100.0, 'remaining': 96, 'is_ticket': False}, {'prize': 60.0, 'remaining': 128, 'is_ticket': False}, {'prize': 40.0, 'remaining': 193, 'is_ticket': False}]",4013.1436314363145
NJ,lottery_net,2026-01-19T01:17:07.333933+00:00,1898,Colorword Cash,5.0,4.09,50000.0,,1,active,https://scratchcards.net/new-jersey/1898,"[{'prize': 50000.0, 'remaining': 1, 'is_ticket': False}, {'prize': 500.0, 'remaining': 38, 'is_ticket': False}, {'prize': 150.0, 'remaining': 231, 'is_ticket': False}, {'prize': 100.0, 'remaining': 2, 'is_ticket': False}, {'prize': 70.0, 'remaining': 1, 'is_ticket': False}, {'prize': 50.0, 'remaining': 5, 'is_ticket': False}, {'prize': 30.0, 'remaining': 13, 'is_ticket': False}, {'prize': 20.0, 'remaining': 18, 'is_ticket': False}, {'prize': 15.0, 'remaining': 13, 'is_ticket': False}, {'prize': 10.0, 'remaining': 54, 'is_ticket': False}, {'prize': 5.0, 'remaining': 112, 'is_ticket': False}]",217.65368852459017
NJ,lottery_net,2026-01-19T01:17:07.333975+00:00,1906,Pocket Change,1.0,4.42,500.0,,19,active,https://scratchcards.net/new-jersey/1906,"[{'prize': 500.0, 'remaining': 19, 'is_ticket': False}, {'prize': 100.0, 'remaining': 168, 'is_ticket': False}, {'prize': 40.0, 'remaining': 1, 'is_ticket': False}, {'prize': 20.0, 'remaining': 4, 'is_ticket': False}, {'prize': 10.0, 'remaining': 10, 'is_ticket': False}, {'prize': 5.0, 'remaining': 28, 'is_ticket': False}, {'prize': 2.0, 'remaining': 79, 'is_ticket': False}, {'prize': 0.0, 'remaining': 173, 'is_ticket': True}]",55.99792531120332
NJ,lottery_net,2026-01-19T01:17:07.333985+00:00,1897,Fat Wallet,5.0,4.64,200000.0,,0,active,https://scratchcards.net/new-jersey/1897,"[{'prize': 200000.0, 'remaining': 0, 'is_ticket': False}, {'prize': 500.0, 'remaining': 496, 'is_ticket': False}, {'prize': 200.0, 'remaining': 52, 'is_ticket': False}, {'prize': 100.0, 'remaining': 758, 'is_ticket': False}, {'prize': 50.0, 'remaining': 706, 'is_ticket': False}, {'prize': 40.0, 'remaining': 703, 'is_ticket': False}, {'prize': 25.0, 'remaining': 2, 'is_ticket': False}, {'prize': 20.0, 'remaining': 5, 'is_ticket': False}, {'prize': 10.0, 'remaining': 30, 'is_ticket': False}, {'prize': 0.0, 'remaining': 44, 'is_ticket': True}]",142.44992846924177
NJ,lottery_net,2026-01-19T01:17:07.333994+00:00,1893,Cold Cash,2.0,4.64,10000.0,,1,active,https://scratchcards.net/new-jersey/1893,"[{'prize': 10000.0, 'remaining': 1, 'is_ticket': False}, {'prize': 200.0, 'remaining': 73, 'is_ticket': False}, {'prize': 100.0, 'remaining': 637, 'is_ticket': False}, {'prize': 50.0, 'remaining': 8, 'is_ticket': False}, {'prize': 20.0, 'remaining': 11, 'is_ticket': False}, {'prize': 10.0, 'remaining': 56, 'is_ticket': False}, {'prize': 5.0, 'remaining': 121, 'is_ticket': False}, {'prize': 0.0, 'remaining': 179, 'is_ticket': True}]",83.28084714548802
NJ,lottery_net,2026-01-19T01:17:07.334004+00:00,1894,Jersey Giant Winnings,5.0,4.27,200000.0,,1,active,https://scratchcards.net/new-jersey/1894,"[{'prize': 200000.0, 'remaining': 1, 'is_ticket': False}, {'prize': 20000.0, 'remaining': 0, 'is_ticket': False}, {'prize': 2000.0, 'remaining': 7, 'is_ticket': False}, {'prize': 500.0, 'remaining': 66, 'is_ticket': False}, {'prize': 250.0, 'remaining': 125, 'is_ticket': False}, {'prize': 100.0, 'remaining': 1, 'is_ticket': False}, {'prize': 50.0, 'remaining': 5, 'is_ticket': False}, {'prize': 20.0, 'remaining': 14, 'is_ticket': False}, {'prize': 10.0, 'remaining': 37, 'is_ticket': False}, {'prize': 0.0, 'remaining': 51, 'is_ticket': True}]",910.4397394136807
NJ,lottery_net,2026-01-19T01:17:07.334013+00:00,1914,"$500,000 Triple Match",10.0,3.86,500000.0,,1,active,https://scratchcards.net/new-jersey/1914,"[{'prize': 500000.0, 'remaining': 1, 'is_ticket': False}, {'prize': 5000.0, 'remaining': 6, 'is_ticket': False}, {'prize': 2500.0, 'remaining': 27, 'is_ticket': False}, {'prize': 500.0, 'remaining': 133, 'is_ticket': False}, {'prize': 250.0, 'remaining': 269, 'is_ticket': False}, {'prize': 200.0, 'remaining': 555, 'is_ticket': False}, {'prize': 150.0, 'remaining': 645, 'is_ticket': False}, {'prize': 100.0, 'remaining': 3, 'is_ticket': False}, {'prize': 50.0, 'remaining': 14, 'is_ticket': False}, {'prize': 40.0, 'remaining': 29, 'is_ticket': False}, {'prize': 30.0, 'remaining': 27, 'is_ticket': False}, {'prize': 20.0, 'remaining': 56, 'is_ticket': False}, {'prize': 0.0, 'remaining': 77, 'is_ticket': True}]",512.4104234527688
NJ,lottery_net,2026-01-19T01:17:07.334022+00:00,1900,Red Hot 7'S,2.0,4.57,20000.0,,0,active,https://scratchcards.net/new-jersey/1900,"[{'prize': 20000.0, 'remaining': 0, 'is_ticket': False}, {'prize': 2000.0, 'remaining': 1, 'is_ticket': False}, {'prize': 500.0, 'remaining': 10, 'is_ticket': False}, {'prize': 100.0, 'remaining': 306, 'is_ticket': False}, {'prize': 40.0, 'remaining': 1, 'is_ticket': False}, {'prize': 20.0, 'remaining': 7, 'is_ticket': False}, {'prize': 10.0, 'remaining': 30, 'is_ticket': False}, {'prize': 5.0, 'remaining': 49, 'is_ticket': False}, {'prize': 4.0, 'remaining': 32, 'is_ticket': False}, {'prize': 0.0, 'remaining': 69, 'is_ticket': True}]",76.41782178217822
NJ,lottery_net,2026-01-19T01:17:07.334032+00:00,1901,Sizzling Hot 7'S,5.0,4.22,200000.0,,1,active,https://scratchcards.net/new-jersey/1901,"[{'prize': 200000.0, 'remaining': 1, 'is_ticket': False}, {'prize': 2000.0, 'remaining': 6, 'is_ticket': False}, {'prize': 500.0, 'remaining': 268, 'is_ticket': False}, {'prize': 250.0, 'remaining': 335, 'is_ticket': False}, {'prize': 150.0, 'remaining': 828, 'is_ticket': False}, {'prize': 100.0, 'remaining': 3, 'is_ticket': False}, {'prize': 50.0, 'remaining': 14, 'is_ticket': False}, {'prize': 20.0, 'remaining': 80, 'is_ticket': False}, {'prize': 10.0, 'remaining': 151, 'is_ticket': False}, {'prize': 0.0, 'remaining': 142, 'is_ticket': True}]",305.67286652078775
NJ,lottery_net,2026-01-19T01:17:07.334041+00:00,1902,Super Hot 7'S,10.0,4.01,500000.0,,2,active,https://scratchcards.net/new-jersey/1902,"[{'prize': 500000.0, 'remaining': 2, 'is_ticket': False}, {'prize': 10000.0, 'remaining': 13, 'is_ticket': False}, {'prize': 2000.0, 'remaining': 36, 'is_ticket': False}, {'prize': 500.0, 'remaining': 1, 'is_ticket': False}, {'prize': 200.0, 'remaining': 2, 'is_ticket': False}, {'prize': 100.0, 'remaining': 51, 'is_ticket': False}, {'prize': 50.0, 'remaining': 95, 'is_ticket': False}, {'prize': 40.0, 'remaining': 229, 'is_ticket': False}, {'prize': 20.0, 'remaining': 308, 'is_ticket': False}, {'prize': 0.0, 'remaining': 466, 'is_ticket': True}]",1024.713216957606
NJ,lottery_net,2026-01-19T01:17:07.334050+00:00,1903,Mega Hot 7'S,20.0,3.84,1000000.0,,1,active,https://scratchcards.net/new-jersey/1903,"[{'prize': 1000000.0, 'remaining': 1, 'is_ticket': False}, {'prize': 10000.0, 'remaining': 42, 'is_ticket': False}, {'prize': 2000.0, 'remaining': 272, 'is_ticket': False}, {'prize': 500.0, 'remaining': 14, 'is_ticket': False}, {'prize': 200.0, 'remaining': 24, 'is_ticket': False}, {'prize': 100.0, 'remaining': 144, 'is_ticket': False}, {'prize': 50.0, 'remaining': 193, 'is_ticket': False}, {'prize': 40.0, 'remaining': 241, 'is_ticket': False}, {'prize': 0.0, 'remaining': 389, 'is_ticket': True}]",1528.2348484848485
NJ,lottery_net,2026-01-19T01:17:07.334060+00:00,1907,In The Green,5.0,4.26,200000.0,,1,active,https://scratchcards.net/new-jersey/1907,"[{'prize': 200000.0, 'remaining': 1, 'is_ticket': False}, {'prize': 5000.0, 'remaining': 9, 'is_ticket': False}, {'prize': 1000.0, 'remaining': 13, 'is_ticket': False}, {'prize': 500.0, 'remaining': 100, 'is_ticket': False}, {'prize': 250.0, 'remaining': 179, 'is_ticket': False}, {'prize': 100.0, 'remaining': 1, 'is_ticket': False}, {'prize': 50.0, 'remaining': 8, 'is_ticket': False}, {'prize': 25.0, 'remaining': 13, 'is_ticket': False}, {'prize': 20.0, 'remaining': 45, 'is_ticket': False}, {'prize': 15.0, 'remaining': 26, 'is_ticket': False}, {'prize': 10.0, 'remaining': 69, 'is_ticket': False}, {'prize': 0.0, 'remaining': 95, 'is_ticket': True}]",636.9051878354204
NJ,lottery_net,2026-01-19T01:17:07.334069+00:00,1908,"$5,000,000 Fortune",30.0,3.96,5000000.0,,2,active,https://scratchcards.net/new-jersey/1908,"[{'prize': 5000000.0, 'remaining': 2, 'is_ticket': False}, {'prize': 10000.0, 'remaining': 17, 'is_ticket': False}, {'prize': 2500.0, 'remaining': 67, 'is_ticket': False}, {'prize': 500.0, 'remaining': 28, 'is_ticket': False}, {'prize': 200.0, 'remaining': 64, 'is_ticket': False}, {'prize': 100.0, 'remaining': 169, 'is_ticket': False}, {'prize': 50.0, 'remaining': 339, 'is_ticket': False}, {'prize': 0.0, 'remaining': 256, 'is_ticket': True}]",11046.528662420382
NJ,lottery_net,2026-01-19T01:17:07.334109+00:00,1909,Lucky 13,2.0,4.61,10000.0,,1,active,https://scratchcards.net/new-jersey/1909,"[{'prize': 10000.0, 'remaining': 1, 'is_ticket': False}, {'prize': 500.0, 'remaining': 8, 'is_ticket': False}, {'prize': 100.0, 'remaining': 143, 'is_ticket': False}, {'prize': 50.0, 'remaining': 397, 'is_ticket': False}, {'prize': 30.0, 'remaining': 716, 'is_ticket': False}, {'prize': 20.0, 'remaining': 6, 'is_ticket': False}, {'prize': 15.0, 'remaining': 3, 'is_ticket': False}, {'prize': 10.0, 'remaining': 25, 'is_ticket': False}, {'prize': 5.0, 'remaining': 52, 'is_ticket': False}, {'prize': 0.0, 'remaining': 67, 'is_ticket': True}]",49.67489421720733
NJ,lottery_net,2026-01-19T01:17:07.334127+00:00,1884,Money Rush,5.0,5.02,100000.0,,1,active,https://scratchcards.net/new-jersey/1884,"[{'prize': 100000.0, 'remaining': 1, 'is_ticket': False}, {'prize': 5000.0, 'remaining': 3, 'is_ticket': False}, {'prize': 2000.0, 'remaining': 6, 'is_ticket': False}, {'prize': 500.0, 'remaining': 26, 'is_ticket': False}, {'prize': 200.0, 'remaining': 120, 'is_ticket': False}, {'prize': 100.0, 'remaining': 1, 'is_ticket': False}, {'prize': 75.0, 'remaining': 239, 'is_ticket': False}, {'prize': 50.0, 'remaining': 3, 'is_ticket': False}, {'prize': 40.0, 'remaining': 456, 'is_ticket': False}, {'prize': 25.0, 'remaining': 6, 'is_ticket': False}, {'prize': 20.0, 'remaining': 25, 'is_ticket': False}, {'prize': 15.0, 'remaining': 25, 'is_ticket': False}, {'prize': 10.0, 'remaining': 90, 'is_ticket': False}]",202.13786213786213
NJ,lottery_net,2026-01-19T01:17:07.334137+00:00,1915,"$50,000,000 Fast Cash",20.0,9.7,500.0,,4751,active,https://scratchcards.net/new-jersey/1915,"[{'prize': 500.0, 'remaining': 4, 'is_ticket': False}, {'prize': 300.0, 'remaining': 1, 'is_ticket': False}, {'prize': 200.0, 'remaining': 57, 'is_ticket': False}, {'prize': 100.0, 'remaining': 170, 'is_ticket': False}]",132.32758620689654
NJ,lottery_net,2026-01-19T01:17:07.334147+00:00,1922,Bingo Times 10,5.0,4.41,100000.0,,0,active,https://scratchcards.net/new-jersey/1922,"[{'prize': 100000.0, 'remaining': 0, 'is_ticket': False}, {'prize': 50000.0, 'remaining': 1, 'is_ticket': False}, {'prize': 10000.0, 'remaining': 2, 'is_ticket': False}, {'prize': 5000.0, 'remaining': 3, 'is_ticket': False}, {'prize': 1500.0, 'remaining': 9, 'is_ticket': False}, {'prize': 500.0, 'remaining': 57, 'is_ticket': False}, {'prize': 400.0, 'remaining': 150, 'is_ticket': False}, {'prize': 200.0, 'remaining': 489, 'is_ticket': False}, {'prize': 100.0, 'remaining': 2, 'is_ticket': False}, {'prize': 80.0, 'remaining': 2, 'is_ticket': False}, {'prize': 50.0, 'remaining': 17, 'is_ticket': False}, {'prize': 20.0, 'remaining': 54, 'is_ticket': False}, {'prize': 10.0, 'remaining': 88, 'is_ticket': False}, {'prize': 0.0, 'remaining': 67, 'is_ticket': True}, {'prize': 0.0, 'remaining': 66, 'is_ticket': True}]",286.6285998013903
NJ,lottery_net,2026-01-19T01:17:07.334165+00:00,1920,The Shore Thing,10.0,3.96,500000.0,,1,active,https://scratchcards.net/new-jersey/1920,"[{'prize': 500000.0, 'remaining': 1, 'is_ticket': False}, {'prize': 5000.0, 'remaining': 6, 'is_ticket': False}, {'prize': 2000.0, 'remaining': 4, 'is_ticket': False}, {'prize': 500.0, 'remaining': 718, 'is_ticket': False}, {'prize': 200.0, 'remaining': 1, 'is_ticket': False}, {'prize': 100.0, 'remaining': 20, 'is_ticket': False}, {'prize': 50.0, 'remaining': 58, 'is_ticket': False}, {'prize': 30.0, 'remaining': 25, 'is_ticket': False}, {'prize': 20.0, 'remaining': 103, 'is_ticket': False}, {'prize': 0.0, 'remaining': 185, 'is_ticket': True}]",808.884924174844
NJ,lottery_net,2026-01-19T01:17:07.334175+00:00,1916,Wild Card Poker,5.0,4.34,150000.0,,2,active,https://scratchcards.net/new-jersey/1916,"[{'prize': 150000.0, 'remaining': 2, 'is_ticket': False}, {'prize': 2500.0, 'remaining': 14, 'is_ticket': False}, {'prize': 500.0, 'remaining': 150, 'is_ticket': False}, {'prize': 200.0, 'remaining': 281, 'is_ticket': False}, {'prize': 100.0, 'remaining': 3, 'is_ticket': False}, {'prize': 50.0, 'remaining': 9, 'is_ticket': False}, {'prize': 20.0, 'remaining': 46, 'is_ticket': False}, {'prize': 10.0, 'remaining': 79, 'is_ticket': False}, {'prize': 0.0, 'remaining': 83, 'is_ticket': True}]",703.2608695652174
NJ,lottery_net,2026-01-19T01:17:07.334184+00:00,1919,Electric 8'S,2.0,4.56,10000.0,,2,active,https://scratchcards.net/new-jersey/1919,"[{'prize': 10000.0, 'remaining': 2, 'is_ticket': False}, {'prize': 500.0, 'remaining': 30, 'is_ticket': False}, {'prize': 80.0, 'remaining': 408, 'is_ticket': False}, {'prize': 40.0, 'remaining': 1, 'is_ticket': False}, {'prize': 20.0, 'remaining': 8, 'is_ticket': False}, {'prize': 10.0, 'remaining': 16, 'is_ticket': False}, {'prize': 5.0, 'remaining': 37, 'is_ticket': False}, {'prize': 4.0, 'remaining': 32, 'is_ticket': False}, {'prize': 0.0, 'remaining': 53, 'is_ticket': True}]",116.55706984667802
NJ,lottery_net,2026-01-19T01:17:07.334203+00:00,1910,Jersey Pop,5.0,4.39,200000.0,,1,active,https://scratchcards.net/new-jersey/1910,"[{'prize': 200000.0, 'remaining': 1, 'is_ticket': False}, {'prize': 2500.0, 'remaining': 33, 'is_ticket': False}, {'prize': 500.0, 'remaining': 99, 'is_ticket': False}, {'prize': 200.0, 'remaining': 232, 'is_ticket': False}, {'prize': 100.0, 'remaining': 3, 'is_ticket': False}, {'prize': 50.0, 'remaining': 11, 'is_ticket': False}, {'prize': 25.0, 'remaining': 22, 'is_ticket': False}, {'prize': 20.0, 'remaining': 46, 'is_ticket': False}, {'prize': 10.0, 'remaining': 144, 'is_ticket': False}, {'prize': 0.0, 'remaining': 98, 'is_ticket': True}]",555.3701015965167
NJ,lottery_net,2026-01-19T01:17:07.334213+00:00,1911,"$50,000 Jumbo Bucks",10.0,5.95,50000.0,,26,active,https://scratchcards.net/new-jersey/1911,"[{'prize': 50000.0, 'remaining': 26, 'is_ticket': False}, {'prize': 2000.0, 'remaining': 37, 'is_ticket': False}, {'prize': 500.0, 'remaining': 1, 'is_ticket': False}, {'prize': 200.0, 'remaining': 3, 'is_ticket': False}, {'prize': 150.0, 'remaining': 4, 'is_ticket': False}, {'prize': 100.0, 'remaining': 67, 'is_ticket': False}, {'prize': 50.0, 'remaining': 78, 'is_ticket': False}, {'prize': 30.0, 'remaining': 90, 'is_ticket': False}, {'prize': 20.0, 'remaining': 363, 'is_ticket': False}]",2087.085201793722
NJ,lottery_net,2026-01-19T01:17:07.334231+00:00,1913,$100 Million Diamond Dazzler,20.0,3.98,1000000.0,,1,active,https://scratchcards.net/new-jersey/1913,"[{'prize': 1000000.0, 'remaining': 1, 'is_ticket': False}, {'prize': 10000.0, 'remaining': 14, 'is_ticket': False}, {'prize': 2500.0, 'remaining': 89, 'is_ticket': False}, {'prize': 500.0, 'remaining': 19, 'is_ticket': False}, {'prize': 200.0, 'remaining': 70, 'is_ticket': False}, {'prize': 100.0, 'remaining': 166, 'is_ticket': False}, {'prize': 50.0, 'remaining': 251, 'is_ticket': False}, {'prize': 30.0, 'remaining': 251, 'is_ticket': False}, {'prize': 0.0, 'remaining': 251, 'is_ticket': True}, {'prize': 0.0, 'remaining': 252, 'is_ticket': True}]",1050.3958944281526
NJ,lottery_net,2026-01-19T01:17:07.334241+00:00,1924,Cash 4-Ever,5.0,4.41,200000.0,,2,active,https://scratchcards.net/new-jersey/1924,"[{'prize': 200000.0, 'remaining': 2, 'is_ticket': False}, {'prize': 5000.0, 'remaining': 9, 'is_ticket': False}, {'prize': 2000.0, 'remaining': 18, 'is_ticket': False}, {'prize': 500.0, 'remaining': 264, 'is_ticket': False}, {'prize': 250.0, 'remaining': 421, 'is_ticket': False}, {'prize': 100.0, 'remaining': 4, 'is_ticket': False}, {'prize': 50.0, 'remaining': 20, 'is_ticket': False}, {'prize': 25.0, 'remaining': 81, 'is_ticket': False}, {'prize': 20.0, 'remaining': 30, 'is_ticket': False}, {'prize': 15.0, 'remaining': 61, 'is_ticket': False}, {'prize': 10.0, 'remaining': 154, 'is_ticket': False}, {'prize': 0.0, 'remaining': 209, 'is_ticket': True}]",570.1296150824824
NJ,lottery_net,2026-01-19T01:17:07.334269+00:00,1925,Wild Side,5.0,4.33,200000.0,,2,active,https://scratchcards.net/new-jersey/1925,"[{'prize': 200000.0, 'remaining': 2, 'is_ticket': False}, {'prize': 5000.0, 'remaining': 16, 'is_ticket': False}, {'prize': 2000.0, 'remaining': 13, 'is_ticket': False}, {'prize': 500.0, 'remaining': 302, 'is_ticket': False}, {'prize': 200.0, 'remaining': 557, 'is_ticket': False}, {'prize': 75.0, 'remaining': 4, 'is_ticket': False}, {'prize': 50.0, 'remaining': 21, 'is_ticket': False}, {'prize': 25.0, 'remaining': 56, 'is_ticket': False}, {'prize': 20.0, 'remaining': 90, 'is_ticket': False}, {'prize': 15.0, 'remaining': 67, 'is_ticket': False}, {'prize': 10.0, 'remaining': 158, 'is_ticket': False}, {'prize': 0.0, 'remaining': 231, 'is_ticket': True}]",511.99077125906393
NJ,lottery_net,2026-01-19T01:17:07.334278+00:00,1926,Crossword Xtreme,30.0,3.57,600000.0,,1,active,https://scratchcards.net/new-jersey/1926,"[{'prize': 600000.0, 'remaining': 1, 'is_ticket': False}, {'prize': 25000.0, 'remaining': 4, 'is_ticket': False}, {'prize': 2000.0, 'remaining': 10, 'is_ticket': False}, {'prize': 500.0, 'remaining': 1, 'is_ticket': False}, {'prize': 250.0, 'remaining': 2, 'is_ticket': False}, {'prize': 200.0, 'remaining': 2, 'is_ticket': False}, {'prize': 150.0, 'remaining': 6, 'is_ticket': False}, {'prize': 100.0, 'remaining': 8, 'is_ticket': False}, {'prize': 75.0, 'remaining': 3, 'is_ticket': False}, {'prize': 50.0, 'remaining': 32, 'is_ticket': False}, {'prize': 0.0, 'remaining': 31, 'is_ticket': True}]",7258.55
NJ,lottery_net,2026-01-19T01:17:07.334288+00:00,1927,Neon 9'S,10.0,4.04,500000.0,,2,active,https://scratchcards.net/new-jersey/1927,"[{'prize': 500000.0, 'remaining': 2, 'is_ticket': False}, {'prize': 10000.0, 'remaining': 4, 'is_ticket': False}, {'prize': 2000.0, 'remaining': 13, 'is_ticket': False}, {'prize': 500.0, 'remaining': 216, 'is_ticket': False}, {'prize': 200.0, 'remaining': 375, 'is_ticket': False}, {'prize': 100.0, 'remaining': 14, 'is_ticket': False}, {'prize': 50.0, 'remaining': 24, 'is_ticket': False}, {'prize': 40.0, 'remaining': 63, 'is_ticket': False}, {'prize': 20.0, 'remaining': 85, 'is_ticket': False}, {'prize': 0.0, 'remaining': 129, 'is_ticket': True}]",1359.0378378378377
NJ,lottery_net,2026-01-19T01:17:07.334298+00:00,1936,Deep Pockets,5.0,4.64,200000.0,,2,active,https://scratchcards.net/new-jersey/1936,"[{'prize': 200000.0, 'remaining': 2, 'is_ticket': False}, {'prize': 500.0, 'remaining': 3, 'is_ticket': False}, {'prize': 200.0, 'remaining': 474, 'is_ticket': False}, {'prize': 100.0, 'remaining': 5, 'is_ticket': False}, {'prize': 50.0, 'remaining': 4, 'is_ticket': False}, {'prize': 40.0, 'remaining': 5, 'is_ticket': False}, {'prize': 25.0, 'remaining': 15, 'is_ticket': False}, {'prize': 20.0, 'remaining': 39, 'is_ticket': False}, {'prize': 10.0, 'remaining': 198, 'is_ticket': False}, {'prize': 0.0, 'remaining': 242, 'is_ticket': True}]",508.15096251266465
NJ,lottery_net,2026-01-19T01:17:07.334327+00:00,1928,Uno,5.0,4.22,200000.0,,2,active,https://scratchcards.net/new-jersey/1928,"[{'prize': 200000.0, 'remaining': 2, 'is_ticket': False}, {'prize': 5000.0, 'remaining': 12, 'is_ticket': False}, {'prize': 2000.0, 'remaining': 22, 'is_ticket': False}, {'prize': 500.0, 'remaining': 398, 'is_ticket': False}, {'prize': 100.0, 'remaining': 7, 'is_ticket': False}, {'prize': 50.0, 'remaining': 17, 'is_ticket': False}, {'prize': 30.0, 'remaining': 20, 'is_ticket': False}, {'prize': 20.0, 'remaining': 56, 'is_ticket': False}, {'prize': 15.0, 'remaining': 37, 'is_ticket': False}, {'prize': 10.0, 'remaining': 210, 'is_ticket': False}, {'prize': 0.0, 'remaining': 195, 'is_ticket': True}]",727.3565573770492
NJ,lottery_net,2026-01-19T01:17:07.334336+00:00,1929,"$500,000 Lion's Share",10.0,6.93,500000.0,,1,active,https://scratchcards.net/new-jersey/1929,"[{'prize': 500000.0, 'remaining': 1, 'is_ticket': False}, {'prize': 10000.0, 'remaining': 5, 'is_ticket': False}, {'prize': 2000.0, 'remaining': 14, 'is_ticket': False}, {'prize': 500.0, 'remaining': 786, 'is_ticket': False}, {'prize': 200.0, 'remaining': 2, 'is_ticket': False}, {'prize': 100.0, 'remaining': 29, 'is_ticket': False}, {'prize': 50.0, 'remaining': 42, 'is_ticket': False}, {'prize': 40.0, 'remaining': 56, 'is_ticket': False}, {'prize': 20.0, 'remaining': 113, 'is_ticket': False}]",935.9732824427481
NJ,lottery_net,2026-01-19T01:17:07.334346+00:00,1930,Stacks Of Green,2.0,4.37,10000.0,,1,active,https://scratchcards.net/new-jersey/1930,"[{'prize': 10000.0, 'remaining': 1, 'is_ticket': False}, {'prize': 1000.0, 'remaining': 8, 'is_ticket': False}, {'prize': 500.0, 'remaining': 52, 'is_ticket': False}, {'prize': 100.0, 'remaining': 730, 'is_ticket': False}, {'prize': 50.0, 'remaining': 2, 'is_ticket': False}, {'prize': 20.0, 'remaining': 27, 'is_ticket': False}, {'prize': 10.0, 'remaining': 50, 'is_ticket': False}, {'prize': 5.0, 'remaining': 59, 'is_ticket': False}, {'prize': 4.0, 'remaining': 82, 'is_ticket': False}, {'prize': 0.0, 'remaining': 181, 'is_ticket': True}]",99.93708053691275
NJ,lottery_net,2026-01-19T01:17:07.334355+00:00,1939,Quarter Million Ca$H,20.0,3.9,250000.0,,7,active,https://scratchcards.net/new-jersey/1939,"[{'prize': 250000.0, 'remaining': 7, 'is_ticket': False}, {'prize': 5000.0, 'remaining': 37, 'is_ticket': False}, {'prize': 2000.0, 'remaining': 300, 'is_ticket': False}, {'prize': 500.0, 'remaining': 23, 'is_ticket': False}, {'prize': 200.0, 'remaining': 57, 'is_ticket': False}, {'prize': 100.0, 'remaining': 197, 'is_ticket': False}, {'prize': 50.0, 'remaining': 322, 'is_ticket': False}, {'prize': 30.0, 'remaining': 283, 'is_ticket': False}, {'prize': 0.0, 'remaining': 566, 'is_ticket': True}]",1458.431919642857
NJ,lottery_net,2026-01-19T01:17:07.334365+00:00,1940,Emerald 5X,5.0,4.45,155000.0,,1,active,https://scratchcards.net/new-jersey/1940,"[{'prize': 155000.0, 'remaining': 1, 'is_ticket': False}, {'prize': 10000.0, 'remaining': 4, 'is_ticket': False}, {'prize': 2000.0, 'remaining': 11, 'is_ticket': False}, {'prize': 500.0, 'remaining': 119, 'is_ticket': False}, {'prize': 100.0, 'remaining': 2, 'is_ticket': False}, {'prize': 55.0, 'remaining': 5, 'is_ticket': False}, {'prize': 50.0, 'remaining': 6, 'is_ticket': False}, {'prize': 25.0, 'remaining': 26, 'is_ticket': False}, {'prize': 20.0, 'remaining': 42, 'is_ticket': False}, {'prize': 10.0, 'remaining': 141, 'is_ticket': False}, {'prize': 0.0, 'remaining': 67, 'is_ticket': True}]",661.5801886792453
NJ,lottery_net,2026-01-19T01:17:07.334374+00:00,1941,Jackpot Millions,30.0,3.4,3000000.0,,2,active,https://scratchcards.net/new-jersey/1941,"[{'prize': 3000000.0, 'remaining': 2, 'is_ticket': False}, {'prize': 50000.0, 'remaining': 6, 'is_ticket': False}, {'prize': 10000.0, 'remaining': 50, 'is_ticket': False}, {'prize': 5000.0, 'remaining': 101, 'is_ticket': False}, {'prize': 2000.0, 'remaining': 246, 'is_ticket': False}, {'prize': 500.0, 'remaining': 35, 'is_ticket': False}, {'prize': 200.0, 'remaining': 125, 'is_ticket': False}, {'prize': 100.0, 'remaining': 306, 'is_ticket': False}, {'prize': 60.0, 'remaining': 143, 'is_ticket': False}, {'prize': 50.0, 'remaining': 502, 'is_ticket': False}, {'prize': 0.0, 'remaining': 575, 'is_ticket': True}]",3788.153993304639
NJ,lottery_net,2026-01-19T01:17:07.334393+00:00,1956,Blue Line Bingo,5.0,4.3,100000.0,,2,active,https://scratchcards.net/new-jersey/1956,"[{'prize': 100000.0, 'remaining': 2, 'is_ticket': False}, {'prize': 20000.0, 'remaining': 3, 'is_ticket': False}, {'prize': 5000.0, 'remaining': 8, 'is_ticket': False}, {'prize': 1500.0, 'remaining': 28, 'is_ticket': False}, {'prize': 500.0, 'remaining': 211, 'is_ticket': False}, {'prize': 400.0, 'remaining': 83, 'is_ticket': False}, {'prize': 200.0, 'remaining': 1, 'is_ticket': False}, {'prize': 100.0, 'remaining': 4, 'is_ticket': False}, {'prize': 75.0, 'remaining': 2, 'is_ticket': False}, {'prize': 50.0, 'remaining': 41, 'is_ticket': False}, {'prize': 20.0, 'remaining': 96, 'is_ticket': False}, {'prize': 10.0, 'remaining': 144, 'is_ticket': False}, {'prize': 5.0, 'remaining': 187, 'is_ticket': False}, {'prize': 0.0, 'remaining': 113, 'is_ticket': True}]",529.100758396533
NJ,lottery_net,2026-01-19T01:17:07.334411+00:00,1942,Stocking Stuffer,1.0,4.58,500.0,,8,active,https://scratchcards.net/new-jersey/1942,"[{'prize': 500.0, 'remaining': 8, 'is_ticket': False}, {'prize': 100.0, 'remaining': 897, 'is_ticket': False}, {'prize': 40.0, 'remaining': 4, 'is_ticket': False}, {'prize': 20.0, 'remaining': 10, 'is_ticket': False}, {'prize': 10.0, 'remaining': 29, 'is_ticket': False}, {'prize': 5.0, 'remaining': 83, 'is_ticket': False}, {'prize': 2.0, 'remaining': 180, 'is_ticket': False}, {'prize': 0.0, 'remaining': 395, 'is_ticket': True}]",59.47696139476962
NJ,lottery_net,2026-01-19T01:17:07.334421+00:00,1943,Holiday Cash Doubler,2.0,4.23,10000.0,,0,active,https://scratchcards.net/new-jersey/1943,"[{'prize': 10000.0, 'remaining': 0, 'is_ticket': False}, {'prize': 2000.0, 'remaining': 4, 'is_ticket': False}, {'prize': 500.0, 'remaining': 8, 'is_ticket': False}, {'prize': 80.0, 'remaining': 451, 'is_ticket': False}, {'prize': 40.0, 'remaining': 1, 'is_ticket': False}, {'prize': 20.0, 'remaining': 10, 'is_ticket': False}, {'prize': 10.0, 'remaining': 28, 'is_ticket': False}, {'prize': 5.0, 'remaining': 31, 'is_ticket': False}, {'prize': 4.0, 'remaining': 44, 'is_ticket': False}, {'prize': 0.0, 'remaining': 106, 'is_ticket': True}]",71.95168374816984
NJ,lottery_net,2026-01-19T01:17:07.334430+00:00,1944,Merry Money Tree,5.0,4.14,200000.0,,0,active,https://scratchcards.net/new-jersey/1944,"[{'prize': 200000.0, 'remaining': 0, 'is_ticket': False}, {'prize': 5000.0, 'remaining': 3, 'is_ticket': False}, {'prize': 2000.0, 'remaining': 12, 'is_ticket': False}, {'prize': 500.0, 'remaining': 93, 'is_ticket': False}, {'prize': 100.0, 'remaining': 2, 'is_ticket': False}, {'prize': 50.0, 'remaining': 8, 'is_ticket': False}, {'prize': 20.0, 'remaining': 46, 'is_ticket': False}, {'prize': 10.0, 'remaining': 93, 'is_ticket': False}, {'prize': 0.0, 'remaining': 75, 'is_ticket': True}]",266.03915662650604
NJ,lottery_net,2026-01-19T01:17:07.334439+00:00,1945,Winter Ice,10.0,3.76,500000.0,,1,active,https://scratchcards.net/new-jersey/1945,"[{'prize': 500000.0, 'remaining': 1, 'is_ticket': False}, {'prize': 5000.0, 'remaining': 3, 'is_ticket': False}, {'prize': 2000.0, 'remaining': 15, 'is_ticket': False}, {'prize': 500.0, 'remaining': 592, 'is_ticket': False}, {'prize': 200.0, 'remaining': 863, 'is_ticket': False}, {'prize': 100.0, 'remaining': 20, 'is_ticket': False}, {'prize': 50.0, 'remaining': 63, 'is_ticket': False}, {'prize': 30.0, 'remaining': 47, 'is_ticket': False}, {'prize': 20.0, 'remaining': 109, 'is_ticket': False}, {'prize': 0.0, 'remaining': 85, 'is_ticket': True}, {'prize': 0.0, 'remaining': 111, 'is_ticket': True}]",536.5636458878994
NJ,lottery_net,2026-01-19T01:17:07.334449+00:00,1947,"$5,000 Festive Frenzy",20.0,3.89,5000.0,,69,active,https://scratchcards.net/new-jersey/1947,"[{'prize': 5000.0, 'remaining': 69, 'is_ticket': False}, {'prize': 500.0, 'remaining': 2, 'is_ticket': False}, {'prize': 200.0, 'remaining': 6, 'is_ticket': False}, {'prize': 100.0, 'remaining': 16, 'is_ticket': False}, {'prize': 50.0, 'remaining': 35, 'is_ticket': False}, {'prize': 40.0, 'remaining': 29, 'is_ticket': False}, {'prize': 0.0, 'remaining': 59, 'is_ticket': True}]",1633.75
NJ,lottery_net,2026-01-19T01:17:07.334477+00:00,1948,Win For Life!,5.0,4.35,10000.0,,2,active,https://scratchcards.net/new-jersey/1948,"[{'prize': 10000.0, 'remaining': 2, 'is_ticket': False}, {'prize': 10000.0, 'remaining': 26, 'is_ticket': False}, {'prize': 2000.0, 'remaining': 94, 'is_ticket': False}, {'prize': 500.0, 'remaining': 3, 'is_ticket': False}, {'prize': 100.0, 'remaining': 20, 'is_ticket': False}, {'prize': 40.0, 'remaining': 71, 'is_ticket': False}, {'prize': 25.0, 'remaining': 177, 'is_ticket': False}, {'prize': 20.0, 'remaining': 356, 'is_ticket': False}, {'prize': 10.0, 'remaining': 938, 'is_ticket': False}, {'prize': 0.0, 'remaining': 897, 'is_ticket': True}]",193.4017027863777
NJ,lottery_net,2026-01-19T01:17:07.334506+00:00,1950,Year Of The Horse,5.0,4.1,200000.0,,3,active,https://scratchcards.net/new-jersey/1950,"[{'prize': 200000.0, 'remaining': 3, 'is_ticket': False}, {'prize': 5000.0, 'remaining': 18, 'is_ticket': False}, {'prize': 2000.0, 'remaining': 39, 'is_ticket': False}, {'prize': 500.0, 'remaining': 436, 'is_ticket': False}, {'prize': 100.0, 'remaining': 8, 'is_ticket': False}, {'prize': 50.0, 'remaining': 33, 'is_ticket': False}, {'prize': 20.0, 'remaining': 273, 'is_ticket': False}, {'prize': 10.0, 'remaining': 411, 'is_ticket': False}, {'prize': 0.0, 'remaining': 275, 'is_ticket': True}]",668.0447860962566
NJ,lottery_net,2026-01-19T01:17:07.334516+00:00,1951,Disco Dollarfest,10.0,3.72,500000.0,,3,active,https://scratchcards.net/new-jersey/1951,"[{'prize': 500000.0, 'remaining': 3, 'is_ticket': False}, {'prize': 10000.0, 'remaining': 10, 'is_ticket': False}, {'prize': 500.0, 'remaining': 692, 'is_ticket': False}, {'prize': 200.0, 'remaining': 2, 'is_ticket': False}, {'prize': 100.0, 'remaining': 45, 'is_ticket': False}, {'prize': 50.0, 'remaining': 65, 'is_ticket': False}, {'prize': 40.0, 'remaining': 85, 'is_ticket': False}, {'prize': 20.0, 'remaining': 358, 'is_ticket': False}, {'prize': 0.0, 'remaining': 331, 'is_ticket': True}]",1236.970458830924
